#,src（来源实体）,dst（目标实体）,relation description（关系描述）,关系描述（中文）,source chunk 摘要（前500字）,conf_score,variant,★ taxonomy,★ manual_label,? notes / 备注
1,AIR Lyndhurst Hall,Interstellar Soundtrack,The Interstellar soundtrack was also recorded at AIR Lyndhurst Hall in late spring 2014.,《星际穿越》原声带于2014年春末在AIR林德赫斯特音乐厅录制。,"concept of the film, though it had not yet been written. Zimmer was originally skeptical, noting that he had written a ""tiny, tiny little fragile"" piece while Nolan had described an intense, epic space film. However, Nolan reassured Zimmer that the piano piece provided ""the heart"" of the film. The piece can be heard at the conclusion of the film.For the film's signature organ, Zimmer specifically requested that organist Roger Sayer, the music director of Temple Church in London, play the churc",,baseline,,correct,Chunk明确提及recorded at AIR Lyndhurst Hall in late spring 2014，完全支持。
2,Alex Randolph,TwixT,Alex Randolph created the board game TwixT.,Alex Randolph 创作了棋盘游戏 TwixT。,"Passage 1: List of word board games This is a list of board games. See the article on game classification for other alternatives, or see Category:Board games for a list of board game articles. Single-player board games Some board games have solo variants, such as Arkham Horror and Agricola. Others are specifically designed for one player. Two-player abstract strategy games In abstract strategy games, players know the entire game state at all times, and random generators such as dice are not us",,baseline,,correct,Passage 4明确：Randolph's game creations include TwixT，关系正确。
3,Ashanti,Comet Award,Ashanti received a Comet Award in 2003.,Ashanti 于2003年获得彗星奖（Comet Award）。,"on Time"". ""What's Luv?"" and ""Always on Time"" were released simultaneously and became two of the biggest hit songs of 2002. Ashanti became the first female to occupy the top two positions on the U.S. Billboard Hot 100 chart simultaneously when ""Always on Time"" and ""What's Luv?"" were at numbers one and two, respectively. Following the success of her collaborations with Ja Rule and Fat Joe, Ashanti released her debut single, ""Foolish"", which contains a sample of the 1983 song ""Stay with Me"" by De",,baseline,A. unsupported_relation,wrong,Chunk全文为Ashanti的Billboard成就，未提及Comet Award，该关系无chunk支持。
4,Ashanti,The Inc. Records,"Ashanti was officially released from The Inc. Records in May 2009, ending her professional relationship with the label and Irv Gotti.",Ashanti 于2009年5月正式解除与The Inc. Records的合约，结束了与该厂牌及Irv Gotti的合作关系。,"on Time"". ""What's Luv?"" and ""Always on Time"" were released simultaneously and became two of the biggest hit songs of 2002. Ashanti became the first female to occupy the top two positions on the U.S. Billboard Hot 100 chart simultaneously when ""Always on Time"" and ""What's Luv?"" were at numbers one and two, respectively. Following the success of her collaborations with Ja Rule and Fat Joe, Ashanti released her debut single, ""Foolish"", which contains a sample of the 1983 song ""Stay with Me"" by De",,baseline,A. unsupported_relation,ambiguous,Chunk集中在Ashanti 2002年早期成就，未涵盖2009年合约解除，chunk不支持但事实本身正确。
5,Ashanti,Vibe Music Awards,"Ashanti premiered her single ""Only U"" at the 2004 Vibe Music Awards.",Ashanti 为专辑《Guilty Pleasure》创作了歌曲《The Way That I Love You》。,"on Time"". ""What's Luv?"" and ""Always on Time"" were released simultaneously and became two of the biggest hit songs of 2002. Ashanti became the first female to occupy the top two positions on the U.S. Billboard Hot 100 chart simultaneously when ""Always on Time"" and ""What's Luv?"" were at numbers one and two, respectively. Following the success of her collaborations with Ja Rule and Fat Joe, Ashanti released her debut single, ""Foolish"", which contains a sample of the 1983 song ""Stay with Me"" by De",,baseline,A. unsupported_relation,wrong,Chunk未提及Vibe Music Awards，关系无chunk支持。
6,Ashanti,Wonderful,"Ashanti performed on and helped create the song ""Wonderful"" in collaboration with Ja Rule and R. Kelly in 2004.",蓝光光盘（Blu-ray Disc）标准由蓝光光盘协会（BDA）开发。,"on Time"". ""What's Luv?"" and ""Always on Time"" were released simultaneously and became two of the biggest hit songs of 2002. Ashanti became the first female to occupy the top two positions on the U.S. Billboard Hot 100 chart simultaneously when ""Always on Time"" and ""What's Luv?"" were at numbers one and two, respectively. Following the success of her collaborations with Ja Rule and Fat Joe, Ashanti released her debut single, ""Foolish"", which contains a sample of the 1983 song ""Stay with Me"" by De",,baseline,A. unsupported_relation,ambiguous,Chunk提及Ja Rule合作但未明确提及歌曲Wonderful，无法直接支持此具体关系。
7,Bag-In-Box,Form Seal Fill Technology,Form Seal Fill technology is a manufacturing method used to produce Bag-In-Box packaging.,博士伦为隐形眼镜护理液污染事件道歉，并于2006年5月召回该产品。,Passage 1: The Police Serve the Citizens? La polizia 猫 al servizio del cittadino? (internationally released as The Police Serve the Citizens?) is a 1973 Italian giallo-poliziottesco film directed by Romolo Guerrieri. The film is set in Genova. Cast Enrico Maria Salerno: Commissioner Nicola Sironi Giuseppe Pambieri: Commissioner Marino John Steiner: Lambro Venantino Venantini: Mancinelli Alessandro Momo: Michele Sironi Memmo Carotenuto: Baron Marie Sophie Persson: Cristina Daniel G茅lin: Ing. Pi,,baseline,E. cross_chunk_hallucination,wrong,Chunk内容为1973年意大利电影，与Bag-In-Box包装技术毫无关联，典型跨chunk幻觉。
8,Balarama,Drona,Balarama succeeded Drona as the elephant tasked with carrying the Golden Howdah in the Mysore Dasara procession.,Brad Hall 曾为《周六夜现场》（Saturday Night Live）撰写剧本。,"Passage 1: Kody Lostroh Kody Lostroh (born September 18, 1985) is an American former professional rodeo cowboy who specialized in bull riding. He was the 2009 Professional Bull Riders (PBR) world champion. Background Kody Lostroh was born on September 18, 1985 in Longmont, Colorado. Lostroh watched a video of Cheyenne Frontier Days so many times that his mother Dena Schlutz signed him up to ride at the Boulder County Fair in 1993, when he was seven years old. He won a Little Britches Rodeo Nat",,baseline,E. cross_chunk_hallucination,wrong,Chunk为美国牛仔运动员Kody Lostroh传记，与Balarama大象及Mysore Dasara无关。
9,Baranya County,Kingdom of Hungary,The Baranya region was a county in the historical Kingdom of Hungary dating back to the 11th century.,专辑《Brain Salad Surgery》收录了歌曲《Karn Evil 9》。,"Passage 1: Baranya County Baranya (Hungarian: Baranya v谩rmegye, pronounced [藞b蓲r蓲刹蓲 藞va藧rm蓻蔁蓻]; German: Branau; Croatian: Baranjska 啪upanija) is a county (v谩rmegye) in southern Hungary. It is part of the Southern Transdanubia statistical region and the historical Baranya region, which was a county (comitatus) in the Kingdom of Hungary dating back to the 11th century. Its current status as one of the 19 counties of Hungary was established in 1950 as part of wider Soviet administrative territori",,baseline,,correct,Chunk第一段即Baranya County词条，明确支持county in the Kingdom of Hungary dating back to the 11th century。
10,Baranya County,Soviet Administrative Territorial Reform,Baranya County's current status as one of Hungary's 19 counties was established in 1950 as part of the post-WWII Soviet administrative territorial reform.,《星际迷航：深空九号》（DS9）第一季于1993年1月首播。,"Passage 1: Baranya County Baranya (Hungarian: Baranya v谩rmegye, pronounced [藞b蓲r蓲刹蓲 藞va藧rm蓻蔁蓻]; German: Branau; Croatian: Baranjska 啪upanija) is a county (v谩rmegye) in southern Hungary. It is part of the Southern Transdanubia statistical region and the historical Baranya region, which was a county (comitatus) in the Kingdom of Hungary dating back to the 11th century. Its current status as one of the 19 counties of Hungary was established in 1950 as part of wider Soviet administrative territori",,baseline,,correct,Chunk明确：established in 1950 as part of wider Soviet administrative territorial reform，完全支持。
11,Black Death,Great Famine,"The Black Death was the second great natural disaster in late medieval Europe, following the Great Famine of 1315-1317.",Castle Coole 是一座新古典主义风格的乡村别墅。,"Passage 1: Black Death The Black Death (also known as the Pestilence, the Great Mortality or the Plague) was a bubonic plague pandemic occurring in Western Eurasia and North Africa from 1346 to 1353. It is the most fatal pandemic recorded in human history, causing the deaths of 75鈥?00 million people, peaking in Europe from 1347 to 1351. Bubonic plague is caused by the bacterium Yersinia pestis spread by fleas, but during the Black Death it probably also took a secondary form, spread by person-",,baseline,A. unsupported_relation,ambiguous,Chunk未将黑死病定性为继大饥荒之后的第二次自然灾害，此特定叙述框架在chunk中无直接支持。
12,Black Death,Pneumonic Plague,"During the Black Death, the plague also took a secondary pneumonic form, spread via person-to-person aerosols.<SEP>The Black Death included the distinct form of pneumonic plague, which infected the lungs and was noted by Lodewijk Heyligen.",查尔斯·狄更斯曾批评美国的版权法。,"or armpits, some of which grew as large as a common apple, others as an egg ... From the two said parts of the body this deadly gavocciolo soon began to propagate and spread itself in all directions indifferently; after which the form of the malady began to change, black spots or livid making their appearance in many cases on the arm or the thigh or elsewhere, now few and large, now minute and numerous. As the gavocciolo had been and still was an infallible token of approaching death, such als",,baseline,,correct,Chunk明确提及secondary form causing pneumonic plague，支持此关系。
13," which may have been associated with the \""""Neolithic decline\"""" around 3000 BCE", in which European populations fell significantly. This Y. pestis may have been different from more modern types, with bubonic plague transmissible by fleas first known from Bronze Age remains near Samara.The symptoms of bubonic plague are first attested in a fragment of Rufus of Ephesus preserved by Oribasius; these ancient medical authorities suggest bubonic plague had appeared in the Roman Empire before the reign of Trajan,Chuck Lorre 是电视剧《生活大爆炸》的联合创作者。,spreading the disease. The plague disease, with recurrences until 750) was Y. pestis. This is known as the first plague pandemic. In 610,tomb,F. alias_merge_error,wrong,src与dst均为句子片段而非实体，entity解析严重出错，疑似解析边界错误。
14,Brian Kennedy,National Gallery of Australia,Brian Kennedy directed the National Gallery of Australia from 1997 to 2004.,电视剧《生活大爆炸》在CBS频道播出。,"Passage 1: Olav Aaraas Olav Aaraas (born 10 July 1950) is a Norwegian historian and museum director. He was born in Fredrikstad. From 1982 to 1993 he was the director of Sogn Folk Museum, from 1993 to 2010 he was the director of Maihaugen and from 2001 he has been the director of the Norwegian Museum of Cultural History. In 2010 he was decorated with the Royal Norwegian Order of St. Olav. Passage 2: S. N. Mathur S.N. Mathur was the Director of the Indian Intelligence Bureau between September 1",,baseline,E. cross_chunk_hallucination,wrong,Chunk为挪威博物馆馆长Olav Aaraas介绍，与Brian Kennedy及澳大利亚国家美术馆无关。
15,Cat Stevens,Samwell-Smith,Samwell-Smith produced Cat Stevens's music and played a large role in catapulting him to fame.,电视剧《黑道家族》（The Sopranos）以其对白人工人阶级社区的刻画而著称。,"for two years. What I write about Patti and my family... when I sing the songs now, I learn strange things. I learn the meanings of my songs late ..."" Having established a signature sound, Stevens enjoyed a string of successes in the following years. 1971's Teaser and the Firecat album reached number two and achieved gold record status within three weeks of its release in the United States. It yielded several hits, including ""Peace Train"", ""Morning Has Broken"", and ""Moonshadow"". The album was",,baseline,A. unsupported_relation,ambiguous,Chunk描述Cat Stevens音乐成就，但visible文本未明确提及Samwell-Smith为制作人，chunk不直接支持。
16,Charles James Haughey,D谩il 脡ireann,"Charles Haughey served as a Teachta D谩la (TD) in D谩il 脡ireann, representing various constituencies from 1957 to 1992.",《奎迪2》（Creed II）是《奎迪》（Creed）的续集。,"Passage 1: Charles Haughey Charles James Haughey (; 16 September 1925 鈥?13 June 2006) was an Irish Fianna F谩il politician who served as Taoiseach on three occasions 鈥?1979 to 1981, March to December 1982 and 1987 to 1992. Haughey led four governments while serving as Taoiseach; December 1979 to June 1981, March to December 1982, March 1987 to June 1989, and June 1989 to February 1992. He was also Minister for the Gaeltacht from 1987 to 1992, Leader of the Opposition from 1981 to 1982 and 1982",,baseline,,correct,Chunk明确描述Haughey为Fianna Fail政治人物曾任Taoiseach，TD身份明确支持此关系。
17,Charles James Haughey,GUBU Affair,The GUBU Affair in 1982 was a scandal that damaged Charles Haughey's reputation and tenure as Taoiseach.,《奎迪2》由史蒂文·凯普尔（Steven Caple Jr.）执导。,"Passage 1: Charles Haughey Charles James Haughey (; 16 September 1925 鈥?13 June 2006) was an Irish Fianna F谩il politician who served as Taoiseach on three occasions 鈥?1979 to 1981, March to December 1982 and 1987 to 1992. Haughey led four governments while serving as Taoiseach; December 1979 to June 1981, March to December 1982, March 1987 to June 1989, and June 1989 to February 1992. He was also Minister for the Gaeltacht from 1987 to 1992, Leader of the Opposition from 1981 to 1982 and 1982",,baseline,A. unsupported_relation,ambiguous,Chunk未在可见范围内提及GUBU事件，但1982年时间段吻合；chunk不直接支持。
18,Cleveland Indians,Larry Doby,"Larry Doby signed with the Cleveland Indians in 1947, breaking the American League color barrier.",Crystal Castles 发行过专辑《(II)》。,"to the reserve-clause contracts. The agreement also set up a formal classification system for minor leagues, the forerunner of today's system that was refined by Branch Rickey. Other recognized leagues Several other early defunct baseball leagues are officially considered major leagues, and their statistics and records are included with those of the two current major leagues. In 1969, the Special Baseball Records Committee of Major League Baseball officially recognized six major leagues: the N",,baseline,E. cross_chunk_hallucination,wrong,Chunk内容为棒球联盟历史及保留条款，未提及Larry Doby或Cleveland Indians，无chunk支持。
19,Conway,Wyntor's Widow,Tarzan instructs Conway to ensure that Wyntor's widow receives the reward money.,Crystal Castles 是一支来自加拿大的电子乐队。,"a lioness found her. Tarzan eventually comes on Coy and Abel Banton, and in a roving battle, a ricochet from Coy's rifle kills Abel. A prolonged battle on rocks, on sand and underwater follows before Tarzan finally knocks Coy out. The film ends with Tarzan and the remaining three people (Ames, Lori, and Conway) handing Coy over to the Kairobi police on the border and instructs Conway to make sure Wyntor's widow gets the reward money. Cast Gordon Scott as Tarzan Jock Mahoney as Coy Banton Betta",,baseline,,correct,Chunk原文明确：instructs Conway to make sure Wyntor's widow gets the reward money，完全支持。
20,Cosine Similarity,Postprocess,A postprocess step utilizes cosine similarity between sentence vectors to detect the repetition propaganda technique.,《达芬奇密码》涉及对宗教历史的重新诠释。,"Introduction In the age of information dissemination without quality control, it has enabled malicious users to spread misinformation via social media and aim individual users with propaganda campaigns to achieve political and financial gains as well as advance a specific agenda. Often disinformation is complied in the two major forms: fake news and propaganda, where they differ in the sense that the propaganda is possibly built upon true information (e.g., biased, loaded language, repetition,",,baseline,H. vague_ambiguous_but_useful,ambiguous,Chunk为宣传检测论文，余弦相似度相关但postprocess步骤的具体描述未确认，关系模糊但检索有价值。
21,Cyprus Popular Bank,Marfin Investment Group,"The Marfin Investment Group acquired a controlling stake in Cyprus Popular Bank, leading to its rebranding, and the bank's legacy entity is pursuing legal action against the group.",《达芬奇密码》电影由哥伦比亚影业发行。,"Between 2006 and the end of 2021 at least 464 people have had their citizenship removed by the government since the law was introduced. There is a right of appeal. This provision has been in force since 16 June 2006 when the Immigration, Nationality and Asylum Act 2006 (Commencement No 1) Order 2006 brought it into force. Loss of British nationality in this way applies also to dual nationals who are British by birth. The Secretary of State may not deprive a person of British nationality, unles",,baseline,E. cross_chunk_hallucination,wrong,Chunk为英国国籍法修订内容，与Cyprus Popular Bank及Marfin Investment Group毫无关联。
22,Dirk Hartog,Eendrachtsland,The explorer Dirk Hartog had encountered the region known as Eendrachtsland earlier than De Houtman.,Daft Punk 于2014年凭借专辑《Random Access Memories》获得格莱美年度专辑奖。,"After sailing northwards along the coast he encountered and only narrowly avoided a group of shoals, subsequently called the Houtman Abrolhos. De Houtman then made landfall in the region known as Eendrachtsland, which the explorer Dirk Hartog had encountered earlier. In his journal, De Houtman identified these coasts as Locach, mentioned by Marco Polo to have been a country far south of China and indicated as such on maps by cartographers Plancius and Linschoten. See also John Davis 鈥?English",,baseline,,correct,"Chunk原文：Eendrachtsland, which the explorer Dirk Hartog had encountered earlier，直接支持。"
23,Duyfken,Gulf of Carpentaria,The Duyfken sailed into the Gulf of Carpentaria after crossing the Arafura Sea.,Daft Punk 的成员为 Thomas Bangalter 和 Guy-Manuel de Homem-Christo。,"400th anniversary. Denis William Eden painting: John Cabot and his sons receive the charter from Henry VII to sail in search of new lands (1910), at Houses of Parliament. Giovanni Caboto Club (est. 1925), an Italian club located in Windsor, Ontario. A 1952 statue of the explorer is at Bristol's City Hall. John Cabot University is a United States-affiliated university established in 1972 in Rome, Italy. A 1985 bronze statue of the explorer by Stephen Joyce, is located at Bristol Harbourside. A",,baseline,E. cross_chunk_hallucination,wrong,Chunk为John Cabot的历史遗产内容，与Duyfken号船只及卡奔塔利亚湾完全无关。
24,ER,Democratic Republic of The Congo,ER featured storylines set in the Democratic Republic of The Congo.,Damon Albarn 是虚拟乐队 Gorillaz 的核心成员。,"in the former Linda Vista Hospital in Los Angeles, an old facility that had ceased operating in 1990. A set modeled after Los Angeles County General Hospital's emergency room was built soon afterward at the Warner Bros. studios in Burbank, California, although the show makes extensive use of location shoots in Chicago, most notably the city's famous ""L"" train platforms.Warren Littlefield, running NBC Entertainment at the time, was impressed by the series: ""We were intrigued, but we were admitt",,baseline,A. unsupported_relation,ambiguous,Chunk描述ER剧集的拍摄地点，未提及刚果（金）相关剧情线，chunk不支持此边。
25,Earl Frederick Crabb,92 Squadron,Earl Frederick Crabb served in 92 Squadron of the Royal Flying Corps under Arthur Coningham.,Daniel Ellsberg 因公开泄露五角大楼文件（Pentagon Papers）而举世闻名。,"the bridge was completed in the morning of 20 June, Christian's baggage started to cross the river. Tilly planned to force Christian's troops back to the H枚chst walls and the Main, isolating the two thousand troops in Sossenheim. Hence, Christian ordered his troops to withdraw over the pontoon bridge towards Kelsterbach, but under the Catholic artillery fire the withdrawal turned into a headlong flight. The bridge broke after only 3,000 men had crossed and many of Christian's soldiers and hors",,baseline,E. cross_chunk_hallucination,wrong,Chunk为1622年霍希斯特战役内容，与RAF 92中队及Coningham完全无关。
26,Elizabeth Gertrude Britton,Nathaniel Lord Britton,"Elizabeth Gertrude Britton and Nathaniel Lord Britton were married and collaborated on botanical projects, including founding the NYBG.",David Letterman 主持了深夜节目《大卫·莱特曼深夜秀》（Late Night with David Letterman）。,"at Milford in Surrey from 1890 to 1895. While teaching he began, as a sideline, writing a number of school textbooks under the nom-de-plume A. W. S. Methuen, of which his series on French, Greek and Latin were best known. Among his works were books on gardening and current affairs. In June 1889, Methuen began to publish and market his own textbooks under the label Methuen & Co. (later Methuen Publishing Ltd.). Two months later he formally adopted Methuen as his surname. His first success at pu",,baseline,E. cross_chunk_hallucination,wrong,Chunk为Methuen出版社历史，与Elizabeth/Nathaniel Britton或NYBG完全无关。
27,Federico Maria Sardelli,Modo Antiquo,Federico Maria Sardelli conducted the ensemble Modo Antiquo in the recording of 'Orlando furioso RV 819'.,《行尸走肉》（The Walking Dead）是一部以僵尸末日为背景的电视剧。,"or armpits, some of which grew as large as a common apple, others as an egg ... From the two said parts of the body this deadly gavocciolo soon began to propagate and spread itself in all directions indifferently; after which the form of the malady began to change, black spots or livid making their appearance in many cases on the arm or the thigh or elsewhere, now few and large, now minute and numerous. As the gavocciolo had been and still was an infallible token of approaching death, such als",,baseline,E. cross_chunk_hallucination,wrong,Chunk为黑死病症状描述，与Sardelli及Modo Antiquo古乐团完全无关。
28,Fianna F谩il,Arms Crisis,The Arms Crisis led to bitter and lasting divisions within the Fianna F谩il party between supporters of Haughey/Blaney and supporters of Jack Lynch.,《行尸走肉》改编自罗伯特·柯克曼（Robert Kirkman）的同名漫画。,"made innovations in how to operate public relations for the party, including holding opposition press briefings. He also tried to increase the electability of Haughey, particularly among young people. Mara adopted techniques of electioneering from US politics for the campaign for the 1987 Irish general election. He devised a strategy for the election by consulting with a broad range of people, to aid re-election. When the party went back into government in 1987 with Haughey as Taoiseach, Mara",,baseline,A. unsupported_relation,ambiguous,Chunk为P.J.Mara（新闻秘书）传记，未提及武器危机（Arms Crisis），chunk不支持。
29,Game Of Shadows,Lance Williams,Lance Williams is a co-author of the investigative book *Game of Shadows*.,Devo 的音乐具有强烈的讽刺意味与新浪潮风格。,"and away. Furthermore, each team has an interleague ""natural rival"" (in many cases its counterpart in the same metro area) with which it plays two home games and two away games each year. With an odd number of teams in each league (15), it is necessary to have two teams participate in interleague play for most days in the season, except when two or more teams have a day off. Each team plays 20 interleague games throughout the season, usually with just one interleague game per day, but for one",,baseline,E. cross_chunk_hallucination,wrong,Chunk为MLB联赛赛制内容，与Game of Shadows书籍及Lance Williams毫无关联。
30,Generalized Pole-Residue Method,Fourth-Order Runge-Kutta Method,The proposed method is numerically validated by comparing its results and computational efficiency with the fourth-order Runge-Kutta method.,Devo 于1978年发行了首张专辑《Q: Are We Not Men? A: We Are Devo!》。,"Paper Info Title: Generalized Pole-Residue Method for Dynamic Analysis of Nonlinear Systems based on Volterra Series Publish Date: March 7, 2023 Author List: Qianying Cao (from State Key Laboratory of Coastal and Offshore Engineering, Dalian University of Technology), Anteng Chang (from College of Engineering, Ocean University of China), Junfeng Du (from College of Engineering, Ocean University of China), Lin Lu (from State Key Laboratory of Coastal and Offshore Engineering, Dalian University",,baseline,,correct,Chunk为该论文正文，明确提及与四阶Runge-Kutta方法比较验证，完全支持。
31,Graeme Goodall,Dynamic Sound,Graeme Goodall assisted with the construction of the Dynamic Sound recording studio in Jamaica.,Diego Maradona 曾效力于那不勒斯足球俱乐部（SSC Napoli）。,"Passage 1: TML Entertainment TML Entertainment is a record label launched by Canadian rock band Triumph in 2003. It is managed by Triumph's members Gil Moore and Mike Levine. The label was previously known as TRC from 1995 until 2003. The decision for Triumph to launch their own label came after the band's 10 year/5-album contract with MCA Records expired at the end of 1994. Subsequently, all of Triumph's albums were re-released on the TRC imprint using the 1980s remasters. Then in 2003, TRC c",,baseline,E. cross_chunk_hallucination,wrong,Chunk为TML Entertainment（加拿大摇滚厂牌）历史，与Graeme Goodall及Dynamic Sound无关。
32,Graeme Goodall,Trojan Records,Graeme Goodall set up the Trojan Records subsidiary called Attack Records.,Don McLean 于1971年创作了歌曲《American Pie》。,"Passage 1: TML Entertainment TML Entertainment is a record label launched by Canadian rock band Triumph in 2003. It is managed by Triumph's members Gil Moore and Mike Levine. The label was previously known as TRC from 1995 until 2003. The decision for Triumph to launch their own label came after the band's 10 year/5-album contract with MCA Records expired at the end of 1994. Subsequently, all of Triumph's albums were re-released on the TRC imprint using the 1980s remasters. Then in 2003, TRC c",,baseline,E. cross_chunk_hallucination,wrong,Chunk为TML Entertainment历史，与Graeme Goodall及Trojan Records/Attack Records无关。
33,Gramofon,Doublemoon Records,Gramofon is the exclusive distributor for the Doublemoon Records label in Bosnia and Herzegovina.,Duran Duran 曾演唱詹姆斯·邦德系列电影《雷霆杀机》（A View to a Kill）的主题曲。,"Passage 1: TML Entertainment TML Entertainment is a record label launched by Canadian rock band Triumph in 2003. It is managed by Triumph's members Gil Moore and Mike Levine. The label was previously known as TRC from 1995 until 2003. The decision for Triumph to launch their own label came after the band's 10 year/5-album contract with MCA Records expired at the end of 1994. Subsequently, all of Triumph's albums were re-released on the TRC imprint using the 1980s remasters. Then in 2003, TRC c",,baseline,E. cross_chunk_hallucination,wrong,Chunk为TML Entertainment历史，与Gramofon及Doublemoon Records无关。
34,Guilherme Marchi,J.W. Hart,Guilherme Marchi became the assistant coach under head coach J.W. Hart for the Kansas City Outlaws.,Eddie Murphy 在喜剧片《比佛利山警探》（Beverly Hills Cop）中扮演主角。,before being replaced by Balarama. Balarama had been rested from the duty of carrying the Golden Howdah due to his reducing weight and has been succeeded by Arjuna. Balarama led the procession as the 'nishane aane' or the lead elephant. Balarama's Mahout Sannappa once refused to mount Balarama after his family were stopped by the police from watching him ride during Dasara. Balarama refused food given to him by anybody other than his Mahout. Balarama weighed about 4590 Kilograms and he conquer,,baseline,E. cross_chunk_hallucination,wrong,Chunk为Balarama大象Dasara游行内容，与Guilherme Marchi牛仔竞技教练职位无关。
35,Hans Fleischhacker,Auschwitz,Hans Fleischhacker selected inmates at Auschwitz and took their measurements for August Hirt's Jewish skeleton collection.,Eddie Murphy 曾是《周六夜现场》（Saturday Night Live）的固定演员。,Passage 1: August Hirt August Hirt (28 April 1898 鈥?2 June 1945) was an anatomist with Swiss and German nationality who served as a chairman at the Reich University in Strasbourg during World War II. He performed experiments with mustard gas on inmates at the Natzweiler-Struthof concentration camp and played a lead role in the murders of 86 people at Natzweiler-Struthof for the Jewish skull collection. The skeletons of his victims were meant to become specimens at the Institute of anatomy in S,,baseline,A. unsupported_relation,ambiguous,Chunk描述August Hirt在Natzweiler-Struthof的实验，未明确提及Fleischhacker在Auschwitz的具体行动。
36,Harry Pennell,British Antarctic Expedition,Harry Pennell commanded the Terra Nova as part of the British Antarctic Expedition.,爱因斯坦以其狭义相对论与广义相对论而举世闻名。,"400th anniversary. Denis William Eden painting: John Cabot and his sons receive the charter from Henry VII to sail in search of new lands (1910), at Houses of Parliament. Giovanni Caboto Club (est. 1925), an Italian club located in Windsor, Ontario. A 1952 statue of the explorer is at Bristol's City Hall. John Cabot University is a United States-affiliated university established in 1972 in Rome, Italy. A 1985 bronze statue of the explorer by Stephen Joyce, is located at Bristol Harbourside. A",,baseline,E. cross_chunk_hallucination,wrong,Chunk为John Cabot探险家历史遗产，与Harry Pennell及英国南极探险队完全无关。
37,He's Gonna Step On You Again,The Party Boys,"The Party Boys released a cover of ""He's Gonna Step on You Again"" that reached No. 1 in Australia.",爱因斯坦晚年在普林斯顿高等研究院（Institute for Advanced Study）工作。,"a federation of 36 states and 1 federal capital territory. Each of the 36 states is a semi-autonomous political unit that shares powers with the federal government as enumerated under the Constitution of the Federal Republic of Nigeria. The Federal Capital Territory (FCT), is the capital territory of Nigeria, and it is in this territory that the capital city of Abuja is located. The FCT is not a state but is administered by elected officials who are supervised by the federal government. Each s",,baseline,E. cross_chunk_hallucination,wrong,Chunk为尼日利亚联邦行政结构，与He's Gonna Step On You Again歌曲及澳大利亚排行榜无关。
38,Horse With A Heart,Phil Cunningham,Phil Cunningham served as the producer for Altan's album 'Horse with a Heart'.,Eminem 于2002年主演了半自传电影《八英里》（8 Mile）。,"Passage 1: TML Entertainment TML Entertainment is a record label launched by Canadian rock band Triumph in 2003. It is managed by Triumph's members Gil Moore and Mike Levine. The label was previously known as TRC from 1995 until 2003. The decision for Triumph to launch their own label came after the band's 10 year/5-album contract with MCA Records expired at the end of 1994. Subsequently, all of Triumph's albums were re-released on the TRC imprint using the 1980s remasters. Then in 2003, TRC c",,baseline,E. cross_chunk_hallucination,wrong,Chunk为TML Entertainment历史，与Horse With A Heart专辑及Phil Cunningham制作无关。
39,"Humphrey de Bohun, 3rd Earl of Hereford",Brecon,"Humphrey de Bohun, 3rd Earl of Hereford, inherited the marcher lordship of Brecon from his mother, Eleanor de Braose.",Eminem 在电影《八英里》中饰演角色 B-Rabbit。,"Passage 1: Henry de Bohun Sir Henry de Bohun (died 23 June 1314) was an English knight, of Anglo-Norman origins, the grandson of Humphrey de Bohun, 2nd Earl of Hereford. He was killed on the first day of the Battle of Bannockburn by Robert the Bruce. Riding in the vanguard of heavy cavalry, de Bohun caught sight of the Scottish king who was mounted on a small palfrey (ane gay palfray Li till and joly) armed only with a battle-axe.De Bohun lowered his lance and charged, but Bruce stood his grou",,baseline,B. wrong_endpoint,ambiguous,Chunk为Henry de Bohun在班诺克本战役的内容；Humphrey 3rd Earl继承Brecon的关系在chunk中无直接支持，实体混淆。
40,Industry Prediction,Dataset,"The dataset is split into train, development, and test sets to train, configure, and evaluate classifiers for the industry prediction task.",英国脱欧公投于2016年举行，英国最终投票决定离开欧盟。,"Introduction Over the past two decades, the emergence of social media has enabled the proliferation of traceable human behavior. The content posted by users can reflect who their friends are, what topics they are interested in, or which company they are working for. At the same time, users are listing a number of profile fields to define themselves to others. The utilization of such metadata has proven important in facilitating further developments of applications in advertising BIBREF0 , pers",,baseline,,correct,Chunk为社交媒体用户职业预测论文，dataset划分方式与industry prediction任务直接相关，支持此边。
41,International Telecommunication Union (ITU),Mobile-Satellite Service,"The ITU allocates frequency bands for various satellite services, including the Mobile-Satellite Service.",欧盟（European Union）是一个由欧洲各国组成的政治经济联盟。,"only about half of the dipoles properly separated from each other, the project was able to successfully experiment and communicate using frequencies in the SHF X band spectrum.An immediate antecedent of the geostationary satellites was the Hughes Aircraft Company's Syncom 2, launched on 26 July 1963. Syncom 2 was the first communications satellite in a geosynchronous orbit. It revolved around the earth once per day at constant speed, but because it still had north鈥搒outh motion, special equipme",,baseline,E. cross_chunk_hallucination,wrong,Chunk为Syncom卫星技术内容，未提及ITU或Mobile-Satellite Service频谱分配。
42,Jacobo,Mr. Howlands,Mr. Howlands and Jacobo collaborate to fight against the rising activities of the Mau Mau organization.,Faithless 发行过专辑《Sunday 8PM》。,"Weep Not, Child is a 1964 novel by Kenyan author Ng农g末 wa Thiong'o. It was his first novel, published in 1964 under the name James Ngugi. It was among the African Writers Series. It was the first English language|English novel to be published by an East African. Thiong'o's works deal with the relationship between Africans and white settlers in colonial Kenya, and are heavily critical of colonial rule. Specifically, Weep Not, Child deals with the Mau Mau Uprising, and ""the bewildering disposses",,baseline,,correct,"Chunk为《Weep Not, Child》小说内容，Jacobo与Howlands均为小说人物，其对抗Mau Mau的叙事直接支持。"
43,John Cabot,John Cabot Catholic Secondary School,John Cabot Catholic Secondary School in Mississauga is named after the explorer.,Faithless 于1996年发行了代表作《Insomnia》。,"400th anniversary. Denis William Eden painting: John Cabot and his sons receive the charter from Henry VII to sail in search of new lands (1910), at Houses of Parliament. Giovanni Caboto Club (est. 1925), an Italian club located in Windsor, Ontario. A 1952 statue of the explorer is at Bristol's City Hall. John Cabot University is a United States-affiliated university established in 1972 in Rome, Italy. A 1985 bronze statue of the explorer by Stephen Joyce, is located at Bristol Harbourside. A",,baseline,A. unsupported_relation,ambiguous,Chunk提及Giovanni Caboto Club和John Cabot University，但未明确提及Mississauga的John Cabot Catholic Secondary School。
44,John Westley,John Wesley,"John Westley was the grandfather of John Wesley, the founder of Methodism.",Fernando Alonso 曾效力于雷诺车队（Renault F1 Team）参加一级方程式赛车。,"1137) was the Archbishop of Cologne from 1131 until 1137. Bruno II of Berg was a son of Count Adolf III of Berg. In 1119 he was mentioned as a Provost in Cologne, and he became the provost of St. Gereon in Cologne in 1127. In 1130 he was elected the Archbishop of Trier, but refused. Bruno was selected on Christmas Day of 1131 by King Lothar of Germany and a papal legate as the Archbishop of Cologne. In 1133 he converted his own keep at Altenberg into a monastery. Bruno died in 1137 in Apulia o",,baseline,,correct,Chunk Passage 10原文：Rev. John Wesley (1636-98) was the grandfather of John Wesley，直接支持。
45,Joint Learning Model,Conditional Random Fields (CRF),The joint learning model uses a CRF layer on top of the BiLSTM to capture label dependencies and make final tagging decisions.,Fernando Alonso 是两届一级方程式世界冠军得主。,"Introduction There exists a class of language construction known as pun in natural language texts and utterances, where a certain word or other lexical items are used to exploit two or more separate meanings. It has been shown that understanding of puns is an important research question with various real-world applications, such as human-computer interaction BIBREF0 , BIBREF1 and machine translation BIBREF2 . Recently, many researchers show their interests in studying puns, like detecting pun",,baseline,E. cross_chunk_hallucination,wrong,Chunk为双关语检测研究，与BiLSTM-CRF联合学习模型用于序列标注任务无关，典型跨chunk幻觉。
46,Kam W. Leong,InP Quantum Dots,Kam W. Leong co-authored work on the synthesis and cytotoxicity of luminescent InP quantum dots.,《搏击俱乐部》（Fight Club）的主题涉及对消费主义的批判。,"Publications of Kam W. Leong Publications of Kam W. Leong :chronological alphabetical combined bibtex listing: K.W. Leong, Synthetic mast-cell granules as adjuvants to promote and polarize immunity in lymph nodes (2013) [PDF] K.W. Leong, Tuning Physical Properties of Nanocomplexes through Microfluidics-Assisted Confinement (2013) [PDF] K.W. Leong, Nucleic acid scavengers inhibit thrombosis without increasing bleeding (2013) [PDF] K.W. Leong, Nanotopography as modulator of human mesenchymal ste",,baseline,H. vague_ambiguous_but_useful,ambiguous,Chunk为Leong发表论文列表，InP量子点论文可能在列表中但600字截取范围内无法确认，模糊但有检索价值。
47,Kam W. Leong,Quantum Dot-Based Theranostics,Kam W. Leong co-authored a review on quantum dot-based theranostics.,《搏击俱乐部》由大卫·芬奇（David Fincher）执导。,"Publications of Kam W. Leong Publications of Kam W. Leong :chronological alphabetical combined bibtex listing: K.W. Leong, Synthetic mast-cell granules as adjuvants to promote and polarize immunity in lymph nodes (2013) [PDF] K.W. Leong, Tuning Physical Properties of Nanocomplexes through Microfluidics-Assisted Confinement (2013) [PDF] K.W. Leong, Nucleic acid scavengers inhibit thrombosis without increasing bleeding (2013) [PDF] K.W. Leong, Nanotopography as modulator of human mesenchymal ste",,baseline,H. vague_ambiguous_but_useful,ambiguous,Chunk为Leong发表论文列表，量子点theranostics综述可能在列表中但截取范围内无法确认。
48,Larimer County Sheriff's Department,Timnath Police Department,Police services in Timnath are provided by the Timnath Police Department and the Larimer County Sheriff's Department.,Fred Astaire 曾与 Ginger Rogers 合作出演多部好莱坞歌舞片。,"Passage 1: Cropper, Kentucky Cropper is an unincorporated community within Shelby County, Kentucky, United States. It was also known as Croppers Depot. Their post office is closed. The town of Cropper (Population Cal. at 205 in 2010) is located in northeast Shelby County, Kentucky. The origin of its name comes from the town's founder James Cropper, a blacksmith and store keeper who was the first person to build a house there sometime in the 1790s. He also was the town's first postmaster. The m",,baseline,E. cross_chunk_hallucination,wrong,"Chunk为Cropper, Kentucky地方历史，与Colorado州Timnath警察局及Larimer郡警局无关。"
49,Law & Order,ER,"ER is NBC's third longest-running drama, after Law & Order and Law & Order: Special Victims Unit.",Fred Astaire 以其精湛的踢踏舞技艺而闻名于世。,"in the former Linda Vista Hospital in Los Angeles, an old facility that had ceased operating in 1990. A set modeled after Los Angeles County General Hospital's emergency room was built soon afterward at the Warner Bros. studios in Burbank, California, although the show makes extensive use of location shoots in Chicago, most notably the city's famous ""L"" train platforms.Warren Littlefield, running NBC Entertainment at the time, was impressed by the series: ""We were intrigued, but we were admitt",,baseline,,correct,Chunk描述ER剧集，Law & Order作为src表达其排名高于ER，关系本身描述正确（ER为NBC第三长寿剧）。
50,Lockheed Missiles and Space Company,GKC (Colin) Campbell,GKC (Colin) Campbell served as the program manager at Lockheed Missiles and Space Company for the ATS-6 antenna project.,Green Day 发行过专辑《American Idiot》。,"(595 W beginning of life). Electric power was supplied during eclipses by two Nickel cadmium batteries of 15-A路h capacity, powering a regulated 30.5-V bus. The satellite dimensions in orbit were 15.8-metre (52 ft) width by 8.2-metre (27 ft) height. This deployable antenna parabola was designed and developed by Lockheed Missiles and Space Company (LMSC), now Lockheed Martin, under subcontract to Fairchild Aerospace, after several years of small study contracts at LMSC. The program manager at LM",,baseline,,correct,Chunk原文：The program manager at LMSC was GKC (Colin) Campbell，直接支持。
51,Major League Baseball,Defensive Shift,"In September 2022, Major League Baseball announced a ban on extreme infield defensive shifts, effective starting in 2023.",Green Day 于2004年发行了专辑《American Idiot》。,"to the reserve-clause contracts. The agreement also set up a formal classification system for minor leagues, the forerunner of today's system that was refined by Branch Rickey. Other recognized leagues Several other early defunct baseball leagues are officially considered major leagues, and their statistics and records are included with those of the two current major leagues. In 1969, the Special Baseball Records Committee of Major League Baseball officially recognized six major leagues: the N",,baseline,A. unsupported_relation,ambiguous,Chunk为MLB历史及保留条款，未提及2022年极端防守换位禁令，chunk不支持。
52,Major League Baseball,Rob Manfred,"Rob Manfred is the current Commissioner of Baseball, the chief executive of MLB.",Grimes 与亿万富翁 Elon Musk 育有子女。,"Passage 1: Huntington Stadium Huntington Stadium (formerly Ryedale Stadium) is the former stadium of English rugby league teams York Wasps, and York City Knights. History The stadium, which was financed by Ryedale District Council and was initially named the Ryedale Stadium, was completed in October 1989.York Wasps played their first ever match at the Huntington Stadium when they lost to Hull Kingston Rovers 36鈥?6 in front of a crowd of 3,105.2009 saw the first ever game at the stadium live on",,baseline,E. cross_chunk_hallucination,wrong,Chunk为Huntington Stadium（英式橄榄球）内容，与MLB或Rob Manfred完全无关。
53,Mara,Beacon Hospital,Mara died at the Beacon Hospital after a long illness in 2016.,Grimes 的音乐风格融合了电子音乐、流行乐与实验音乐元素。,"made innovations in how to operate public relations for the party, including holding opposition press briefings. He also tried to increase the electability of Haughey, particularly among young people. Mara adopted techniques of electioneering from US politics for the campaign for the 1987 Irish general election. He devised a strategy for the election by consulting with a broad range of people, to aid re-election. When the party went back into government in 1987 with Haughey as Taoiseach, Mara",,baseline,A. unsupported_relation,ambiguous,Chunk描述P.J.Mara的政治生涯，未提及其在Beacon Hospital的去世，chunk不支持此具体事实。
54,Meg Griffin,Alec Sulkin,"Alec Sulkin, a Family Guy showrunner, confirmed plans for an episode where Meg Griffin comes out as a lesbian.",Guy Fawkes 是1605年英国火药阴谋（Gunpowder Plot）的参与者之一。,"Passage 1: Meg Griffin Meg Griffin is a fictional character in the animated television series Family Guy. Meg is the eldest child of Peter and Lois Griffin and older sister of Stewie and Chris, but is also the family's scapegoat who receives the least of their attention and tolerates the brunt of their abuse. She is often bullied, belittled, ridiculed, and ignored. Meg first appeared on television, along with the rest of the Griffin family, in a 15-minute short on December 20, 1998. She was cr",,baseline,A. unsupported_relation,ambiguous,Chunk描述Meg Griffin角色性质，700字范围内未提及Alec Sulkin确认女同剧情计划。
55,Metalworks Institute,Metalworks Studios,"Metalworks Institute's campus is adjacent to Metalworks Studios, and students use the same professional equipment.",盖伊·福克斯面具被广泛用于电影《V字仇杀队》（V for Vendetta）中的反英雄形象。,"founded in 2005 and is registered as a Private Career College under the Private Career Colleges Act, 2005. Metalworks Institute Fredericton was founded in 2020 and is a Private Occupational Training Organization registered under the Private Occupational Training Act, 1996. Metalworks Institute offers diploma and advanced diploma programs, on-campus and online, as well as individual certificate courses. The Institute includes over 80 full-time staff members and has an enrollment of more than 25",,baseline,H. vague_ambiguous_but_useful,ambiguous,Chunk描述Metalworks Institute基本信息，毗邻Metalworks Studios的关系可能在后续文本，chunk部分支持。
56,Miss Turnover,The Children,Miss Turnover is the governess who will take care of the children at Kingscote and later at Eastbourne.,黑格尔（Hegel）是德国古典唯心主义哲学的重要代表人物。,"all; if she were nice, she wouldn't have such ideas as that. I tell Miss Vane that at Bangor we think such ideas vulgar; but then she looks as though she had never heard of Bangor. I often want to shake her, though she _is_ so sweet. If she isn't angry with the people who make her feel that way, I am angry for her. I am angry with her brother too, for she is evidently very much afraid of him, and this gives me some further insight into the subject. She thinks everything of her brother, and thi",,baseline,A. unsupported_relation,ambiguous,Chunk为Henry James小说Miranda Mope视角，未提及Miss Turnover家庭教师。
57,Montana,Alberta,The border between Alberta and Montana lies along the 49th parallel north.,黑格尔以辩证法哲学方法论而著称，对后世哲学影响深远。,"came across in April 2018 for a total of just over 28,000. Border lengths and regions The length of the terrestrial boundary is 8,891 km (5,525 mi), of which 6,416 km (3,987 mi) is against the contiguous 48 states, and 2,475 km (1,538 mi) against Alaska. Eight out of thirteen provinces and territories of Canada and thirteen out of fifty U.S. states are located along this international boundary. Yukon The Canadian territory of Yukon shares its entire western border with the U.S. state of Alaska",,baseline,,correct,Chunk描述加拿大美国边境，包含49th parallel内容，Alberta-Montana边境直接支持。
58,Moonshadow,Princess Theatre,"The musical Moonshadow premiered at the Princess Theatre in Melbourne, Australia, in May 2012.",亨利·福特（Henry Ford）是福特汽车公司（Ford Motor Company）的创始人。,"and artist, for his return to secular music, when the son brought a guitar back into the house, which Islam began playing. Muhammad's professional name is Yoriyos and his debut album was released in February 2007. Yoriyos created the art on Islam's album An Other Cup, something that Cat Stevens did for his own albums in the 1970s. In May 2006, in anticipation of his forthcoming new pop album, the BBC1 programme Imagine aired a 49-minute documentary with Alan Yentob called Yusuf: The Artist for",,baseline,A. unsupported_relation,ambiguous,Chunk为Cat Stevens回归音乐描述，未提及Moonshadow音乐剧或Princess Theatre。
59,My Way,Claude Fran莽ois,"Claude Fran莽ois composed the original tune to which ""My Way"" was set.",亨利·福特于1908年推出了划时代的福特T型汽车（Model T）。,"song, his daughter Tina says the singer came to hate the song: ""He didn't like it. That song stuck and he couldn't get it off his shoe. He always thought that song was self-serving and self-indulgent."" Charts Certifications Versions David Bowie reportedly wrote the first English language lyrics to Claude Fran莽ois's original tune, though the lyrics and performance were only informally recorded and never commercially published. Dorothy Squires In the midst of Sinatra's multiple runs on the UK Si",,baseline,,correct,Chunk原文：David Bowie wrote the first English language lyrics to Claude Francois's original tune，支持Claude Francois作曲。
60,Napoleon,Battle of Marengo,Napoleon commanded the French forces that won the Battle of Marengo.,休·劳瑞（Hugh Laurie）在美剧《豪斯医生》（House M.D.）中出色地饰演格雷戈里·豪斯医生。,"the bridge was completed in the morning of 20 June, Christian's baggage started to cross the river. Tilly planned to force Christian's troops back to the H枚chst walls and the Main, isolating the two thousand troops in Sossenheim. Hence, Christian ordered his troops to withdraw over the pontoon bridge towards Kelsterbach, but under the Catholic artillery fire the withdrawal turned into a headlong flight. The bridge broke after only 3,000 men had crossed and many of Christian's soldiers and hors",,baseline,E. cross_chunk_hallucination,wrong,Chunk为1622年霍希斯特战役，与拿破仑及1800年马伦戈战役完全无关。
61,Nicholas Eftimiades,Chinese Intelligence Operations,"Nicholas Eftimiades authored the book ""Chinese Intelligence Operations,"" which brought him into public view.",《豪斯医生》（House M.D.）在Fox电视网播出。,"at Milford in Surrey from 1890 to 1895. While teaching he began, as a sideline, writing a number of school textbooks under the nom-de-plume A. W. S. Methuen, of which his series on French, Greek and Latin were best known. Among his works were books on gardening and current affairs. In June 1889, Methuen began to publish and market his own textbooks under the label Methuen & Co. (later Methuen Publishing Ltd.). Two months later he formally adopted Methuen as his surname. His first success at pu",,baseline,E. cross_chunk_hallucination,wrong,Chunk为Methuen出版社历史，与Nicholas Eftimiades或Chinese Intelligence Operations无关。
62,Nuclear Liquid-Gas Transition,Baryon Chemical Potential,The critical baryon chemical potential for the first-order nuclear liquid-gas transition is determined as a function of quark mass and inverse gauge coupling.,《哈利·波特》系列小说由英国作家J.K.罗琳（J.K. Rowling）创作。,"Paper Info Title: Nuclear Liquid-Gas Transition in the Strong Coupling Regime of Lattice QCD Publish Date: 28 Mar 2023 Author List: J Kim (from Institute for Advanced Simulation (IAS-4), Forschungszentrum J眉lich), P Pattanaik (from Fakult盲t f眉r Physik, Bielefeld University), W Unger (from Fakult盲t f眉r Physik, Bielefeld University) Figure FIG. 1.Typical 2-dimension configuration at 尾 = 1.0, at non-zero quark mass, temperature, chemical potential.The black dots are monomers, the blue lines are d",,baseline,,correct,Chunk为该论文正文，明确提及baryon chemical potential作为核液气转变的研究参数，完全支持。
63,Nuclear Liquid-Gas Transition,Inverse Gauge Coupling,The study determines the nuclear liquid-gas transition's dependence on the inverse gauge coupling parameter 尾.,《哈利·波特》系列小说由布卢姆斯伯里出版社（Bloomsbury Publishing）出版。,"Paper Info Title: Nuclear Liquid-Gas Transition in the Strong Coupling Regime of Lattice QCD Publish Date: 28 Mar 2023 Author List: J Kim (from Institute for Advanced Simulation (IAS-4), Forschungszentrum J眉lich), P Pattanaik (from Fakult盲t f眉r Physik, Bielefeld University), W Unger (from Fakult盲t f眉r Physik, Bielefeld University) Figure FIG. 1.Typical 2-dimension configuration at 尾 = 1.0, at non-zero quark mass, temperature, chemical potential.The black dots are monomers, the blue lines are d",,baseline,,correct,Chunk为同一论文，明确提及inverse gauge coupling作为研究参数，完全支持。
64,Ottoman Empire,Battle of Sziksz贸,The Ottoman Empire participated in and was defeated at the Battle of Sziksz贸 by the Kingdom of Hungary.,James Brown 被誉为灵魂乐教父。,"the bridge was completed in the morning of 20 June, Christian's baggage started to cross the river. Tilly planned to force Christian's troops back to the H枚chst walls and the Main, isolating the two thousand troops in Sossenheim. Hence, Christian ordered his troops to withdraw over the pontoon bridge towards Kelsterbach, but under the Catholic artillery fire the withdrawal turned into a headlong flight. The bridge broke after only 3,000 men had crossed and many of Christian's soldiers and hors",,baseline,E. cross_chunk_hallucination,wrong,Chunk为1622年霍希斯特战役，与奥斯曼帝国及1588年Szikso战役完全无关。
65,Pangasinan School of Arts and Trades (PSAT),Isabelo Artacho,"Through Governor Isabelo Artacho, the Pangasinan Trade School building was constructed in 1907.",James Brown 的音乐作品对嘻哈音乐的形成与发展产生了深刻影响。,"on a ten-ton boulder of Bronx schist, and its text reads, ""Let those who find pleasure in this garden remember Elizabeth Gertrude Knight Britton, lover of wildflowers and ardent advocate of their protection"". The garden is now known as the Native Plant Garden, and the boulder as Britton Rock.Today, the Elizabeth Gertrude Knight Britton archive is held by the NYBG Mertz Library. It includes personal papers, manuscripts and published research, artwork and photographs, and printing plates. The ar",,baseline,E. cross_chunk_hallucination,wrong,Chunk为Elizabeth Gertrude Britton及NYBG内容，与Pangasinan学校及Artacho总督无关。
66,Paula Santiago,Sorbonne,Paula Santiago studied Literature and Art History at the Sorbonne in Paris.,詹姆斯·乔伊斯（James Joyce）是爱尔兰现代主义文学的代表作家。,"After sailing northwards along the coast he encountered and only narrowly avoided a group of shoals, subsequently called the Houtman Abrolhos. De Houtman then made landfall in the region known as Eendrachtsland, which the explorer Dirk Hartog had encountered earlier. In his journal, De Houtman identified these coasts as Locach, mentioned by Marco Polo to have been a country far south of China and indicated as such on maps by cartographers Plancius and Linschoten. See also John Davis 鈥?English",,baseline,A. unsupported_relation,ambiguous,Chunk Passage 5提及Paula Santiago出生地，但700字内未提及索邦求学经历，chunk不支持。
67,Pelvis,Sacrum,The Sacrum attaches to the Coxal Bones to help form the Pelvis.,詹姆斯·乔伊斯最具代表性的作品是长篇小说《尤利西斯》（Ulysses）。,"counted as facial) Ethmoid bone (sometimes counted as facial) Facial bones (15) Nasal bones (2) Maxillae (upper jaw) (2) Lacrimal bone (2) Zygomatic bone (cheek bones) (2) Palatine bone (2) Inferior nasal concha (2) Vomer (1) Hyoid bone (1) Mandible (1) Middle ears (6 bones in total, 3 on each side) Malleus (2) Incus (2) Stapes (2) Upper limb (arm and forearm) and hand There are a total of 64 bones in the arms, 32 in each arm Upper arm bones (6 bones in total; 3 on each side) Humerus (2) Pecto",,baseline,H. vague_ambiguous_but_useful,ambiguous,Chunk为骨骼结构内容，骶骨与骨盆关系可能在后续段落，chunk仅部分支持，事实本身正确。
68,Peter Levin,Starsky & Hutch,"Peter Levin directed episodes of the television series ""Starsky & Hutch.""",Jay-Z 发行过专辑《The Blueprint》。,"Passage 1: Olav Aaraas Olav Aaraas (born 10 July 1950) is a Norwegian historian and museum director. He was born in Fredrikstad. From 1982 to 1993 he was the director of Sogn Folk Museum, from 1993 to 2010 he was the director of Maihaugen and from 2001 he has been the director of the Norwegian Museum of Cultural History. In 2010 he was decorated with the Royal Norwegian Order of St. Olav. Passage 2: S. N. Mathur S.N. Mathur was the Director of the Indian Intelligence Bureau between September 1",,baseline,E. cross_chunk_hallucination,wrong,Chunk为Olav Aaraas和Ian Barry传记，未提及Peter Levin或Starsky & Hutch。
69,Pohang Baseball Stadium,Samsung Lions,The Pohang Baseball Stadium is used as a second home venue for the KBO League team Samsung Lions.,Jay-Z 于2001年发行了里程碑式专辑《The Blueprint》。,"and away. Furthermore, each team has an interleague ""natural rival"" (in many cases its counterpart in the same metro area) with which it plays two home games and two away games each year. With an odd number of teams in each league (15), it is necessary to have two teams participate in interleague play for most days in the season, except when two or more teams have a day off. Each team plays 20 interleague games throughout the season, usually with just one interleague game per day, but for one",,baseline,E. cross_chunk_hallucination,wrong,Chunk为MLB联赛赛制，与浦项棒球场或三星狮队完全无关。
70,Proposed Method,Word Similarity Test,"The proposed method is evaluated using word similarity tests, where it often outperforms the original GloVe.",Jimi Hendrix 是二十世纪最具影响力的电吉他手之一。,"is number of categories in SEMCAT, INLINEFORM8 ) in SEMCAT respectively. INLINEFORM9 is the set of words in the INLINEFORM10 category in SEMCAT and INLINEFORM11 is the number of words in INLINEFORM12 . INLINEFORM13 corresponds to the minimum number of words required to construct a semantic category (i.e. represent a concept). INLINEFORM14 represents the set of INLINEFORM15 words that have the highest ( INLINEFORM16 ) and lowest ( INLINEFORM17 ) values in INLINEFORM18 dimension of the embedding",,baseline,H. vague_ambiguous_but_useful,ambiguous,Chunk为词嵌入评估论文，word similarity test是NLP标准评估方法，可能在论文中，模糊但有检索价值。
71,Pseudo-Likelihood Method,PLM with L2 Regularization,PLM with L2 regularization is a specific variant of the Pseudo-Likelihood Method designed to improve the inference process.,Jimi Hendrix 曾在1969年的伍德斯托克音乐节（Woodstock）上献上传奇演出。,"\\section{Introduction} Given a data set and a model with some unknown parameters, the inverse problem aims to find the values of the model parameters that best fit the data. In this work, in which we focus on systems of interacting elements, the inverse problem concerns the statistical inference of the underling interaction network and of its coupling coefficients from observed data on the dynamics of the system. Versions of this problem are encountered in physics, biology (e.g., \\cite{Balak",,baseline,H. vague_ambiguous_but_useful,ambiguous,Chunk为伊辛模型统计推断论文，伪似然法是核心方法，L2正则化变体在此类研究中常见，模糊但有检索价值。
72,QD-NEVPT2 Calculations,def2-TZVP Basis Set,The def2-TZVP basis set is used in QD-NEVPT2 multireference calculations for molecule 5.,约翰·列侬（John Lennon）是摇滚乐队披头士（The Beatles）的创始成员之一。,"of the orbital densities of SOMOs, and not the hybridized HOMO and LUMO, proves the open-shell ground state of assigned 5OS. Measurements of the monoradical species with a doublet ground state are shown in Supplementary Fig. . Unexpectedly, another species of 5 was also experimentally observed that exhibited a closedshell ground state. In contrast to 5OS, where the frontier orbitals correspond to the SOMOs 蠄1 and 蠄2, DFT calculations predict orbitals of different shapes and symmetries for 5par",,baseline,,correct,Chunk为有机分子量化计算论文，def2-TZVP是NEVPT2计算的标准基组，论文上下文直接支持此边。
73,Queen Elizabeth Ii,The King's Speech,"Queen Elizabeth II reportedly watched the film and was touched by the moving portrayal of her father, King George VI.",约翰·列侬曾与妻子小野洋子（Yoko Ono）合作创作音乐作品。,"use ""soft light"", but Hooper wanted to use a harsher glare, which gives a more contemporary feel, and thus a greater emotional resonance. To achieve the effect, the lighting team erected huge blackout tents over the Georgian buildings and used large lights filtered through Egyptian cotton. Historical accuracy Several events in the film did not happen, or were exaggerated. The visual blog Information is Beautiful deduced that, while taking creative licence into account, the film was 74.4% accur",,baseline,A. unsupported_relation,ambiguous,Chunk描述King's Speech历史准确性，700字范围内未提及Elizabeth II观看此片的反应。
74,Raised on Radio,Columbia Records,"The album ""Raised on Radio"" was released on the Columbia Records label in 1986.",约翰尼·卡什（Johnny Cash）有时被称为乡村音乐的良心。,"founded in 2005 and is registered as a Private Career College under the Private Career Colleges Act, 2005. Metalworks Institute Fredericton was founded in 2020 and is a Private Occupational Training Organization registered under the Private Occupational Training Act, 1996. Metalworks Institute offers diploma and advanced diploma programs, on-campus and online, as well as individual certificate courses. The Institute includes over 80 full-time staff members and has an enrollment of more than 25",,baseline,E. cross_chunk_hallucination,wrong,Chunk为Metalworks Institute内容，与Raised on Radio专辑及Columbia Records无关。
75,Raised on Radio,Journey,"""Raised on Radio"" is the ninth studio album by the American rock band Journey.",约翰尼·卡什曾在监狱中举办演唱会，并将其录制为现场专辑。,"founded in 2005 and is registered as a Private Career College under the Private Career Colleges Act, 2005. Metalworks Institute Fredericton was founded in 2020 and is a Private Occupational Training Organization registered under the Private Occupational Training Act, 1996. Metalworks Institute offers diploma and advanced diploma programs, on-campus and online, as well as individual certificate courses. The Institute includes over 80 full-time staff members and has an enrollment of more than 25",,baseline,E. cross_chunk_hallucination,wrong,Chunk为Metalworks Institute内容，与Journey乐队及其第九张专辑无关。
76,Ringo-en No Sh艒jo,Koji Shima,"Koji Shima directed the 1952 Japanese film ""Ringo-en No Sh艒jo.""",卡尔·马克思（Karl Marx）与弗里德里希·恩格斯共同撰写了《共产党宣言》。,"Passage 1: The Magnificent Dope The Magnificent Dope is a 1942 American comedy film released by 20th Century Fox. It is also known as Lazy Galahad, Strictly Dynamite and The Magnificent Jerk. Plot Dwight Dawson runs a hype-driven self-improvement course in the Dale Carnegie mode. He and his partner Horace Hunter are seeking new sales ideas as enrollment has declined sharply. Their chief of marketing, Claire Harris, who is also Dwight's fianc茅e, comes up with an idea to announce a contest seeki",,baseline,E. cross_chunk_hallucination,wrong,Chunk为1942年美国喜剧片，与1952年日本电影Ringo-en No Shojo无关。
77,Saoud bin Abdulrahman Stadium,Al Janoub Stadium,Al Janoub Stadium is being built in the vicinity of Saoud bin Abdulrahman Stadium for the 2022 FIFA World Cup.,卡尔·马克思与弗里德里希·恩格斯（Friedrich Engels）合著了《共产党宣言》（The Communist Manifesto）。,"Passage 1: Huntington Stadium Huntington Stadium (formerly Ryedale Stadium) is the former stadium of English rugby league teams York Wasps, and York City Knights. History The stadium, which was financed by Ryedale District Council and was initially named the Ryedale Stadium, was completed in October 1989.York Wasps played their first ever match at the Huntington Stadium when they lost to Hull Kingston Rovers 36鈥?6 in front of a crowd of 3,105.2009 saw the first ever game at the stadium live on",,baseline,E. cross_chunk_hallucination,wrong,Chunk为Huntington Stadium（英式橄榄球），与Saoud及Al Janoub Stadium无关。
78,Sherril Lynn Rettino,John Rettino,Sherril Lynn Rettino was married to John Rettino.,Lady Gaga 凭借歌曲《Poker Face》在格莱美颁奖礼上获奖。,"Passage 1: Lynn Reynolds Lynn Fairfield Reynolds (May 7, 1889 鈥?February 25, 1927) was an American director and screenwriter. Reynolds directed more than 80 films between 1915 and 1928. He also wrote for 58 films between 1914 and 1927. Reynolds was born in Harlan, Iowa and died in Los Angeles, California, from a self-inflicted gunshot wound. Death Returning home in 1927 after being snowbound in the Sierras for three weeks, Reynolds telephoned his wife, actress Kathleen O'Connor, to arrange a d",,baseline,E. cross_chunk_hallucination,wrong,Chunk为美国导演Lynn Reynolds传记，与Sherril Lynn Rettino及John Rettino无关。
79,Super Grit Cowboy Band,Hoodswamp Records,"The Super Grit Cowboy Band records and releases albums on its own label, Hoodswamp Records.",Lady Gaga 于2008年发行了首张专辑《The Fame》。,"founded in 2005 and is registered as a Private Career College under the Private Career Colleges Act, 2005. Metalworks Institute Fredericton was founded in 2020 and is a Private Occupational Training Organization registered under the Private Occupational Training Act, 1996. Metalworks Institute offers diploma and advanced diploma programs, on-campus and online, as well as individual certificate courses. The Institute includes over 80 full-time staff members and has an enrollment of more than 25",,baseline,E. cross_chunk_hallucination,wrong,Chunk为Metalworks Institute内容，与Super Grit Cowboy Band及Hoodswamp Records无关。
80,Syncom 2,Syncom 3,Syncom 3 was the successor to Syncom 2 and achieved the first true geostationary orbit.,拉丁格莱美奖（Latin Grammy Award）于2000年正式设立。,"only about half of the dipoles properly separated from each other, the project was able to successfully experiment and communicate using frequencies in the SHF X band spectrum.An immediate antecedent of the geostationary satellites was the Hughes Aircraft Company's Syncom 2, launched on 26 July 1963. Syncom 2 was the first communications satellite in a geosynchronous orbit. It revolved around the earth once per day at constant speed, but because it still had north鈥搒outh motion, special equipme",,baseline,,correct,Chunk原文：Its successor Syncom 3 was the first geostationary communications satellite，完全支持。
81,Takara,Long Island Records,Takara's album 'Taste of Heaven' was released by the European label Long Island records.,拉丁格莱美奖旨在表彰拉丁音乐领域的杰出艺术成就。,"Passage 1: TML Entertainment TML Entertainment is a record label launched by Canadian rock band Triumph in 2003. It is managed by Triumph's members Gil Moore and Mike Levine. The label was previously known as TRC from 1995 until 2003. The decision for Triumph to launch their own label came after the band's 10 year/5-album contract with MCA Records expired at the end of 1994. Subsequently, all of Triumph's albums were re-released on the TRC imprint using the 1980s remasters. Then in 2003, TRC c",,baseline,E. cross_chunk_hallucination,wrong,Chunk为TML Entertainment（加拿大摇滚厂牌），与Takara及Long Island Records无关。
82,The Death of Tragedy,Abney Park,"""The Death of Tragedy"" is the title of a 2005 music album released by the band Abney Park.",Led Zeppelin 发行过双张专辑《Physical Graffiti》。,"Passage 1: Black King (comics) Black King, in comics, may refer to: Marvel Comics characters, members of Hellfire Club, in various branches at various times. The title also gives its owner complete ownership of the club. Sebastian Shaw (comics), as originally introduced in X-Men comics Blackheart, part of Selene's reformed group Sunspot (comics), replaced Sebastian Shaw when he became Lord Imperial DC Comics characters, who are members of Checkmate: Amanda Waller, former organizer of Suicide S",,baseline,E. cross_chunk_hallucination,wrong,Chunk为Black King（漫画角色），与Abney Park乐队及专辑The Death of Tragedy无关。
83,The Goodies,Graeme Garden,"Graeme Garden co-founded, wrote for, and performed in The Goodies comedy group and its television series.<SEP>Graeme Garden is a member of the comedy group The Goodies.",Led Zeppelin 于1975年发行了专辑《Physical Graffiti》。,"Passage 1: I'm Feelin' U ""I'm Feelin' U"" is a 2007 song by the musician CeCe Peniston. The song was originally released in February on the partially mixed dance compilation Miami 2007, a part of Defected In The House series, that featured overall thirty-eight tracks by various artists and was issued on ITH Records. In May 2007, ""I'm Feelin' U"" was released also on single on Soulfuric Recordings with four remixes, of which one was produced also by Ron Carroll. The rest three were mixed by DJ Fu",,baseline,E. cross_chunk_hallucination,wrong,Chunk为CeCe Peniston歌曲介绍，与The Goodies喜剧团体完全无关。
84, it gets wearisome. But hey," they also laughed when Keith started putting out massive sets of solo piano...\""""\n\nTrack listing\nAll music by Keith JarrettDisc One:\n\n\""""Book of Ways 1\"""" - 9:08\n\""""Book of Ways 2\"""" - 3:41\n\""""Book of Ways 3\"""" - 4:03\n\""""Book of Ways 4\"""" - 4:54\n\""""Book of Ways 5\"""" - 2:58\n\""""Book of Ways 6\"""" - 4:09\n\""""Book of Ways 7\"""" - 3:36\n\""""Book of Ways 8\"""" - 5:35\n\""""Book of Ways 9\"""" - 5:02\n\""""Book of Ways 10\"""" - 3:35Disc Two:  \n\n\""""Book of Ways 11\"""" - 6:16\n\""""Book of Ways 12\"""" - 4:08\n\""""Book of Ways 13\"""" - 4:38\n\""""Book of Ways 14\"""" - 7:13\n\""""Book of Ways 15\"""" - 5:48\n\""""Book of Ways 16\"""" - 7:37\n\""""Book of Ways 17\"""" - 3:56\n\""""Book of Ways 18\"""" - 7:16\n\""""Book of Ways 19\"""" - 5:38\n\nPersonnel\nKeith Jarrett 鈥?clavichordProduction\n\nManfred Eicher - producer\nMartin Wieland - recording engineer\nKishin Shinoyama - photo\nBarbara Wojirsch - cover design and layout\nPassage 4:\nThe Stars and Stripes Forever\n\""""The Stars and Stripes Forever\"""" is a patriotic American march written and composed by John Philip Sousa in 1896. By a 1987 act of the U.S. Congress", it is the official National March of the United States of America.\n\nHistory\nIn his 1928 autobiography,《星球大战》（Star Wars）是乔治·卢卡斯（George Lucas）创作的经典科幻电影系列。,it was officially adopted as the national march of the United States of America.Historically, 1896. He was on board an ocean liner on his way home from a vacation with his wife in Europe and had just learned of the recent death of David Blakely,igher gear. Sometimes this music is charming; a lot of the time,F. alias_merge_error,wrong,src/dst均为文本片段非实体，entity解析出错，疑似边界截断错误。
85,The Greatest Event in Television History,Jeff Probst,Jeff Probst hosts The Greatest Event in Television History.,首部《星球大战》电影于1977年公映。,"1, 1992, the network officially launched as the first 24-hour single-genre cable channel with animation as its main theme. In 1994, Hanna-Barbera's new division Cartoon Network Studios was founded and started production on What a Cartoon!. This show debuted in 1995, offering original animated shorts. In 1996, Cartoon Network aired two preschool programs: Big Bag, a live-action/puppet television program with animated short series produced by Children's Television Workshop, and Small World, whic",,baseline,E. cross_chunk_hallucination,wrong,Chunk为Cartoon Network历史，与The Greatest Event in Television History及Jeff Probst无关。
86,The Witch,Embalmers,The Witch restores the ruining work of the embalmers on the night of burial.,《迷失》（Lost）是由J.J.艾布拉姆斯等人联合创作的悬疑剧情类电视剧。,"harmonious sound Wandered upon the earth where'er she passed, _495 And happy thoughts of hope, too sweet to last. 57. But her choice sport was, in the hours of sleep, To glide adown old Nilus, where he threads Egypt and Aethiopia, from the steep Of utmost Axume, until he spreads, _500 Like a calm flock of silver-fleeced sheep, His waters on the plain: and crested heads Of cities and proud temples gleam amid, And many a vapour-belted pyramid. 58. By Moeris and the Mareotid lakes, _505 Strewn wi",,baseline,A. unsupported_relation,ambiguous,Chunk为Shelley诗歌中女巫形象，未明确提及女巫恢复防腐师工作的情节。
87,The Witch,Priests,The Witch sees the priests asleep and later influences their dreams to write explanations.,《迷失》（Lost）在ABC电视网播出，共播出六季。,"harmonious sound Wandered upon the earth where'er she passed, _495 And happy thoughts of hope, too sweet to last. 57. But her choice sport was, in the hours of sleep, To glide adown old Nilus, where he threads Egypt and Aethiopia, from the steep Of utmost Axume, until he spreads, _500 Like a calm flock of silver-fleeced sheep, His waters on the plain: and crested heads Of cities and proud temples gleam amid, And many a vapour-belted pyramid. 58. By Moeris and the Mareotid lakes, _505 Strewn wi",,baseline,H. vague_ambiguous_but_useful,ambiguous,Chunk为Shelley诗歌埃及场景，女巫与祭司的互动可能在后续诗节，模糊但有文学检索价值。
88,Third Plague Pandemic,San Francisco Plague,The San Francisco plague of 1900鈥?904 was the first North American epidemic of the Third Plague Pandemic.,路易斯·阿姆斯特朗（Louis Armstrong）是爵士乐历史上最伟大的音乐家之一。,"or armpits, some of which grew as large as a common apple, others as an egg ... From the two said parts of the body this deadly gavocciolo soon began to propagate and spread itself in all directions indifferently; after which the form of the malady began to change, black spots or livid making their appearance in many cases on the arm or the thigh or elsewhere, now few and large, now minute and numerous. As the gavocciolo had been and still was an infallible token of approaching death, such als",,baseline,E. cross_chunk_hallucination,wrong,Chunk为黑死病症状描述，与第三次鼠疫大流行或旧金山1900-1904疫情完全无关。
89,Town Of Clarkstown,Route 92,Route 92 is one of the bus routes that serves the Town of Clarkstown.,路易斯·阿姆斯特朗以其独树一帜的小号演奏和沙哑嗓音而享誉全球。,"Routes 59, 91, 92, 93, and 97 serve the town.Commuter transportation is provided by New Jersey Transit's Pascack Valley Line at Nanuet, with service to Hoboken and connecting service to New York Penn Station. Tappan ZEExpress, operated by Transport of Rockland provides bus service from the Palisades Center in West Nyack and the Hudson Link bus in Central Nyack to the Tarrytown train station and the White Plains TransCenter. In addition, Rockland Coaches provides express service to the Port Aut",,baseline,,correct,"Chunk原文：Routes 59, 91, 92, 93, and 97 serve the town，直接支持Route 92服务Clarkstown。"
90,Transporter-1 Mission,Falcon 9 Rocket,The Transporter-1 mission was launched on a SpaceX Falcon 9 rocket.,玛格丽特·撒切尔（Margaret Thatcher）曾任英国首相，执政长达十余年。,"Passage 1: Polar Satellite Launch Vehicle The Polar Satellite Launch Vehicle (PSLV) is an expendable medium-lift launch vehicle designed and operated by the Indian Space Research Organisation (ISRO). It was developed to allow India to launch its Indian Remote Sensing (IRS) satellites into sun-synchronous orbits, a service that was, until the advent of the PSLV in 1993, only commercially available from Russia. PSLV can also launch small size satellites into Geostationary Transfer Orbit (GTO).So",,baseline,E. cross_chunk_hallucination,wrong,Chunk为PSLV印度火箭介绍，与SpaceX Falcon 9及Transporter-1任务无关。
91,University of Cambridge,The Goodies,The members of The Goodies met while they were students at the University of Cambridge.,玛格丽特·撒切尔是英国历史上第一位担任首相的女性。,"Passage 1: I'm Feelin' U ""I'm Feelin' U"" is a 2007 song by the musician CeCe Peniston. The song was originally released in February on the partially mixed dance compilation Miami 2007, a part of Defected In The House series, that featured overall thirty-eight tracks by various artists and was issued on ITH Records. In May 2007, ""I'm Feelin' U"" was released also on single on Soulfuric Recordings with four remixes, of which one was produced also by Ron Carroll. The rest three were mixed by DJ Fu",,baseline,E. cross_chunk_hallucination,wrong,Chunk为CeCe Peniston歌曲，与University of Cambridge或The Goodies无关。
92,Violet Ray,Englishman's Sister,"Violet Ray observes the Englishman's sister at the boarding house, noting her as very pretty and nice but criticising her British style of dress.",迈克尔·杰克逊（Michael Jackson）于1982年发行了传奇专辑《颤栗》（Thriller）。,"Transcribed from the 1887 Macmillan and Co. edition by David Price, email ccx074@coventry.ac.uk. Proofing by Andy McLauchan and David Stapleton. A BUNDLE OF LETTERS by Henry James CHAPTER I FROM MISS MIRANDA MOPE, IN PARIS, TO MRS. ABRAHAM C. MOPE, AT BANGOR, MAINE. September 5th, 1879. My dear mother--I have kept you posted as far as Tuesday week last, and, although my letter will not have reached you yet, I will begin another before my news accumulates too much. I am glad you show my letters",,baseline,B. wrong_endpoint,ambiguous,Chunk为Henry James同篇作品，但visible部分为Miranda Mope视角，Violet Ray观察Englishman's Sister的描述实体指向存在偏差。
93,Wale Adebanwi,University Of Cambridge,Wale Adebanwi earned a Ph.D. in Social Anthropology from the University of Cambridge.,《颤栗》（Thriller）至今仍被认为是史上最畅销的专辑之一。,"Passage 1: Alex Cox Alexander B. H. Cox (born 15 December 1954) is an English film director, screenwriter, actor, non-fiction author and broadcaster. Cox experienced success early in his career with Repo Man and Sid and Nancy, but since the release and commercial failure of Walker, his career has moved towards independent films. Cox received a co-writer credit for the screenplay of Terry Gilliam's Fear and Loathing in Las Vegas (1998) for previous work on the script before it was rewritten by",,baseline,E. cross_chunk_hallucination,wrong,Chunk为Alex Cox（英国导演）传记，与Wale Adebanwi（尼日利亚学者）及剑桥大学博士无关。
94,Watercolor,Nelson Byrd Woltz Landscape Architects,Nelson Byrd Woltz Landscape Architects collaborated on the landscape design for the WaterColor community.,摩城唱片（Motown Records）由贝瑞·戈迪（Berry Gordy）于1959年在底特律创立。,"Mountain climbing is permitted by the National Park Service along the Maryland Heights cliffs. Bibliography Whitman, T. Stephen, Antietam 1862: Gateway to Emancipation, ABC-CLIO, 2012 ISBN 0313397341. External links NPS Maryland Heights Brochure Passage 18: Pangi Territory Pangi Territory is an administrative area in Maniema Province of the Democratic Republic of the Congo. The headquarters is the town of Pangi. The Elila River flows through Pangi territory, entering the Lualaba River to the w",,baseline,E. cross_chunk_hallucination,wrong,Chunk为Maryland Heights和刚果金行政区内容，与WaterColor社区及景观建筑师无关。
95,Webex,Min Zhu,Min Zhu co-founded WebEx in 1995.,摩城唱片公司（Motown Records）于1959年在底特律正式成立。,"Between 2006 and the end of 2021 at least 464 people have had their citizenship removed by the government since the law was introduced. There is a right of appeal. This provision has been in force since 16 June 2006 when the Immigration, Nationality and Asylum Act 2006 (Commencement No 1) Order 2006 brought it into force. Loss of British nationality in this way applies also to dual nationals who are British by birth. The Secretary of State may not deprive a person of British nationality, unles",,baseline,E. cross_chunk_hallucination,wrong,Chunk为英国国籍法，与WebEx创始人Min Zhu完全无关。
96,Willem Janszoon,Ambon,Janszoon was sent to the island of Ambon in 1607.,莫扎特（Mozart）创作了歌剧《魔笛》（The Magic Flute）。,"400th anniversary. Denis William Eden painting: John Cabot and his sons receive the charter from Henry VII to sail in search of new lands (1910), at Houses of Parliament. Giovanni Caboto Club (est. 1925), an Italian club located in Windsor, Ontario. A 1952 statue of the explorer is at Bristol's City Hall. John Cabot University is a United States-affiliated university established in 1972 in Rome, Italy. A 1985 bronze statue of the explorer by Stephen Joyce, is located at Bristol Harbourside. A",,baseline,E. cross_chunk_hallucination,wrong,Chunk为John Cabot探险家遗产，与Willem Janszoon被派往Ambon岛无关。
97,Willem Janszoon,Joris van Spilbergen,Willem Janszoon served as master of the Lam under Joris van Spilbergen in 1601.,莫扎特（Mozart）在生命最后阶段创作《安魂曲》（Requiem），但未能完成便与世长辞。,"400th anniversary. Denis William Eden painting: John Cabot and his sons receive the charter from Henry VII to sail in search of new lands (1910), at Houses of Parliament. Giovanni Caboto Club (est. 1925), an Italian club located in Windsor, Ontario. A 1952 statue of the explorer is at Bristol's City Hall. John Cabot University is a United States-affiliated university established in 1972 in Rome, Italy. A 1985 bronze statue of the explorer by Stephen Joyce, is located at Bristol Harbourside. A",,baseline,E. cross_chunk_hallucination,wrong,Chunk为John Cabot内容，与Willem Janszoon在van Spilbergen麾下服役无关。
98,Willem Janszoon,Tiku,Janszoon captured ships of the British East India Company near Tiku on West Sumatra.,尼尔·阿姆斯特朗（Neil Armstrong）是人类历史上第一位在月球表面行走的宇航员。,"400th anniversary. Denis William Eden painting: John Cabot and his sons receive the charter from Henry VII to sail in search of new lands (1910), at Houses of Parliament. Giovanni Caboto Club (est. 1925), an Italian club located in Windsor, Ontario. A 1952 statue of the explorer is at Bristol's City Hall. John Cabot University is a United States-affiliated university established in 1972 in Rome, Italy. A 1985 bronze statue of the explorer by Stephen Joyce, is located at Bristol Harbourside. A",,baseline,E. cross_chunk_hallucination,wrong,Chunk为John Cabot内容，与Willem Janszoon在苏门答腊Tiku附近行动无关。
99,Wurmser,Davidovich,Wurmser left Davidovich in command of Austrian forces at Trento.,尼尔·阿姆斯特朗参与了人类首次登月的阿波罗11号（Apollo 11）任务。,"(Valsugana) southward to Bassano del Grappa. An army that held both Trento and Bassano could move troops and supplies between the two places free from French interference. Operations Bonaparte posted General of Division Claude Vaubois with 10,000 men on the west side of Lake Garda. General of Division Andr茅 Mass茅na defended the Adige River valley with 13,000 troops and General of Division Pierre Augereau covered Verona with 10,000 more. General of Division Charles Kilmaine maintained the block",,baseline,,correct,Chunk描述拿破仑意大利战役军事部署，Wurmser将Davidovich留守Trento有上下文支持。
100,Yusuf Islam,An Other Cup,"Yusuf Islam released his debut pop album An Other Cup in 2006, marking his return to secular music.",尼采（Nietzsche）提出了超人（Ubermensch）这一哲学概念。,"and artist, for his return to secular music, when the son brought a guitar back into the house, which Islam began playing. Muhammad's professional name is Yoriyos and his debut album was released in February 2007. Yoriyos created the art on Islam's album An Other Cup, something that Cat Stevens did for his own albums in the 1970s. In May 2006, in anticipation of his forthcoming new pop album, the BBC1 programme Imagine aired a 49-minute documentary with Alan Yentob called Yusuf: The Artist for",,baseline,,correct,Chunk原文提及Islam's album An Other Cup及forthcoming new pop album，直接支持2006年回归世俗音乐发行专辑。
101,Yusuf Islam,Fondazione Mediterraneo,Yusuf Islam received the Mediterranean Art and Creativity Award from the Fondazione Mediterraneo in 2007.,尼采（Nietzsche）的著作对存在主义及后现代哲学产生了深远影响。,"and artist, for his return to secular music, when the son brought a guitar back into the house, which Islam began playing. Muhammad's professional name is Yoriyos and his debut album was released in February 2007. Yoriyos created the art on Islam's album An Other Cup, something that Cat Stevens did for his own albums in the 1970s. In May 2006, in anticipation of his forthcoming new pop album, the BBC1 programme Imagine aired a 49-minute documentary with Alan Yentob called Yusuf: The Artist for",,baseline,A. unsupported_relation,ambiguous,Chunk描述Yusuf Islam 2006-2007年活动，未提及Fondazione Mediterraneo奖项，chunk不支持。
102,Yusuf Islam,Rally to Restore Sanity and/or Fear,"Yusuf Islam appeared at the Rally to Restore Sanity and/or Fear in Washington, D.C., performing ""Peace Train"" alongside Ozzy Osbourne.",Yusuf Islam（即原名 Cat Stevens）出席了在华盛顿特区举行的恢复理智集会，与奥兹·奥斯本共同演唱《和平列车》（Peace Train）。,"and artist, for his return to secular music, when the son brought a guitar back into the house, which Islam began playing. Muhammad's professional name is Yoriyos and his debut album was released in February 2007. Yoriyos created the art on Islam's album An Other Cup, something that Cat Stevens did for his own albums in the 1970s. In May 2006, in anticipation of his forthcoming new pop album, the BBC1 programme Imagine aired a 49-minute documentary with Alan Yentob called Yusuf: The Artist for",,baseline,A. unsupported_relation,wrong,Chunk描述Yusuf Islam回归音乐（2006年），未提及2010年的Rally to Restore Sanity，chunk不支持。
